uuid,account
b730d863-f2d0-4143-9652-067d7941b757,john123
ca2fbc82-59e6-430c-90bb-2162f71516a2,bob
076cdb19-1d2f-46ec-a62c-31833fc10dd1,ken
285dc702-59a4-4f04-97cc-4eae66d322ff,test1102
22b304fc-b810-4a76-aece-5688b0ed682f,test110201
cef6c498-2389-4c5d-ad22-57ed7131fd2e,Joseph1108
95421a80-5e04-48ac-8a5c-840448d69704,tere
11c0b28b-d454-49ec-af0d-873eb4840325,aa1
d8df25f6-b532-4319-a164-93f11c500fa1,testt
6b3f02a2-b2e8-41f9-97e1-94d238274fe8,test567
938a8b20-f5eb-4ac0-8bc6-a738e8a32c54,fju241103
61feefe6-7cc1-4084-bfca-a7740a9e138c,testt123
d8391d38-f194-4701-b8ee-ac22f6653ce9,alice123
a631a9a2-0050-4875-90aa-afadc1a6eb46,test_rem_log
d492a997-bb78-4113-b032-cebae6b9c838,joseph
a11a7b63-7abb-4395-9382-d0cf5c1edc06,ken321
11a6a5bf-e437-4e72-9582-d2c3cacdc97c,lemon
6cd3c095-ce06-4b7b-b39a-de2e3f82a27c,testt456
5e96b556-7737-41c9-81b8-e1a64c4d8832,testtt
780c62b4-7fac-4d52-ac56-8b7f96e37270,U1
dd992481-c65f-4838-93b8-e7a32fc18a34,U10
63b71285-5757-42fd-bea6-464d4ea5e823,U100
d9279970-9840-497b-8771-b73ebd003e98,U1000
f253d556-6e7a-4250-8777-cbb30711e705,U10000
05b6b86f-f745-4d1f-b403-845528c9056f,U10001
2ceb6312-2c0d-42da-a2ad-8c40c881991a,U10002
201327b2-75ab-42e3-8a65-4789a4e9c329,U10003
3b850ce5-27c1-4106-93ce-995037b35903,U10425
